{
    "maxT": 1517356597,
    "maxX": 0.5429611206054688,
    "maxY": 0.7560310363769531,
    "minT": 1517356588,
    "minX": 0.5406951904296875,
    "minY": 0.7554893493652344
}